{"cameraMode":{"drawMode":0,"name":"Shaded","section":"Shading Mode"},"sceneLighting":true,"audioPlay":false,"sceneViewState":{"showFog":false,"showMaterialUpdate":false,"showSkybox":false,"showFlares":false,"showImageEffects":false,"showParticleSystems":false},"in2DMode":false,"pivot":{"x":1.9406602382659913,"y":0.7348906993865967,"z":3.4300537109375},"rotation":{"x":0.21008183062076569,"y":0.036649178713560107,"z":-0.007880962453782559,"w":0.9769653081893921},"size":4.166025161743164,"orthographic":false}